sequenceContext,contextFrequency
AGAC,2633330
GACT,2094059
ACTT,3288119
CTTC,3138041
TTCC,3358590
TCCC,3318095
CCCG,1000415
CCGT,568044
CGTG,849681
GTGT,2712751
TGTC,2503784
GTCC,1633417
TCCT,3908919
CCTT,3156331
CTTT,4683798
TTTC,4711777
TCCA,3303140
CCAC,3085812
CACC,2952180
ACCG,449223
CCGG,851863
CGGG,1000430
GGGC,2382872
GGCC,2524086
GCCT,3575869
TTTG,4657817
TTGA,3239457
TGAG,3973158
GAGA,3853257
AGAG,3874850
GAGG,3747350
AGGT,2861817
GGTC,1689861
GTCA,2175040
TCAC,2998355
CACA,3771176
ACAG,3792026
CAGG,4424958
AGGG,2901813
GGGT,2202114
GTCT,2641268
TCTT,4297067
CTTG,3053276
TGAT,2874073
GATG,2401428
ATGC,2220027
TGCT,3348228
GCTG,3715858
CTGT,3810258
TGTG,3797455
GTGG,3100768
TGGT,2969277
TTCA,4018000
TCAT,3218497
CATC,2398149
ATCT,3151011
TCTG,3886580
CTGC,3413127
TGCA,3400637
GCAG,3411164
GGTG,2959980
CTGA,3576052
TGAC,2175133
CCAG,4390715
CAGC,3706570
AGCA,3340798
GCAA,2517882
CAAC,2125658
AACT,3046503
ACTG,3158817
CTGG,4393541
TGGC,3111203
CCTG,4431595
GTGC,2163419
TGCC,3054779
GCCA,3109647
CAAG,3044343
AAGC,2539332
AGCT,3276386
GAGC,2359431
GCAC,2152190
CACT,3368430
TGGA,3314971
GGAG,3854538
GAGT,2500575
AGTG,3379712
AGTT,3060866
GTTT,3678160
TTTT,10480134
AGGA,3900694
AGCC,3236670
CCAT,2873675
CATG,3188725
CCTA,1908113
CTAG,1823851
TAGA,2555856
TGGG,4008663
GGGA,3325778
GGAT,2252966
ATGG,2873960
CATT,3601318
ATTG,2465827
TTGT,3519462
TGTT,3938183
GTTC,2002935
TTCT,4920150
GCCC,2380958
CCCC,2531956
CCCT,2896349
GTTG,2147043
GCAT,2229386
ATGT,3281279
TGTA,3084483
GTAA,2354862
TAAC,1882123
CTTA,2410811
TTAA,4200452
TAAT,3620273
AATA,4327262
ATAC,2088552
TACC,1572634
ACCA,2956313
ACAA,3484976
AACC,2247372
AGGC,3566437
GGCA,3048361
CATA,2406166
ATAG,2150761
TAGG,1911824
GGGG,2538743
GGAA,3354923
GAAA,4696601
AAAG,4660105
AAGA,4274353
AGAT,3150457
GATT,2634298
TTGG,3035973
ATGA,3208332
GTGA,3010138
ATCA,2862657
TCAA,3220687
TCTC,3854839
CTCT,3879364
CTCA,3964441
ACCT,2861009
CAGT,3168850
AGTA,2557198
TAAG,2411005
AAGT,3290631
GTAG,1886476
TAGT,2132196
GCTT,2544321
GCTC,2352200
CTCC,3844636
GGCT,3234080
GATA,1850647
TACG,324768
ACGT,570006
GCCG,765739
CGGC,765350
CCTC,3746093
CTCG,758564
TCGC,484039
CGCT,583988
GGAC,1633223
GACC,1689094
ACCC,2194624
CTAC,1879203
CGTC,479371
ATCG,399369
TCGG,562025
CGGA,554216
CCCA,3996974
CCAA,3015990
CAAA,4620048
TCAG,3582663
CAGA,3876056
GAAG,3135155
GATC,1790003
AGAA,4900990
GAAC,1994076
AACA,3906393
GGTA,1572471
GACG,478442
ACGG,565948
CCGC,788030
CGCA,521089
TGAA,4011630
AAAT,6098140
AATG,3586201
AACG,455529
ACGA,436801
CGAC,316354
CCGA,561423
ACAC,2700199
ACTC,2493949
TTGC,2529029
GACA,2496483
GGCG,1019337
GCGT,533806
GTCG,317868
CGCC,1016787
TCTA,2553135
TTCG,437177
TCGA,426306
CGAT,398868
TGCG,521936
GCGG,789480
CGGT,449331
CTAT,2147497
TATA,3313517
ATAA,3887730
TAAA,5095633
AGTC,2094601
AAGG,3146297
GCTA,1830314
TACA,3075779
AAAC,3653948
ATCC,2247547
GGTT,2260255
TTAG,2572308
TAGC,1833715
CACG,844656
CGAA,435198
ATTC,2881156
ACGC,530585
CGAG,758005
ACAT,3272789
ATTT,6120518
GCGC,657922
ATTA,3620660
CGTT,458152
AAAA,10416118
GAAT,2876849
AATC,2621380
TCCG,554039
CAAT,2449238
AGCG,585196
GCGA,483900
TACT,2556767
ACTA,2124907
CTAA,2565944
GTTA,1889253
TATT,4342737
AATT,4509642
TTTA,5112680
TATC,1851150
TTAT,3902228
TCGT,440681
CGCG,338629
TTAC,2358236
GTAC,1203941
ATAT,3770543
TATG,2407226
GTAT,2094212
CGTA,325337
CGGN,2
GGNC,1
GNCC,1
NCCC,1
GTGN,1
TGNT,2
GNTN,1
NTNT,1
TNTG,1
NTGC,2
GACN,1
ACNA,1
CNAA,2
NAAT,1
GCAN,2
CANG,1
ANGA,1
NGAA,3
GGNG,2
GNGG,1
NGGT,1
CANA,1
ANAT,1
NATT,1
ACCN,1
CCNN,1
CNNN,5
NNNN,200813
NNNC,2
NNCC,1
NCCA,2
TGGN,2
GGNN,1
GNNN,1
NNNT,1
NNTA,1
NTAC,1
TTCN,2
TCNN,2
NNNG,4
NNGA,3
NGAT,1
AACN,2
ACNN,2
NNNA,3
NNAC,2
NACC,1
CACN,1
NNAT,1
NATC,2
CAAN,1
AANN,1
ANNN,1
NACA,1
CATN,2
ATNN,1
TNNN,3
NNCA,1
NCAA,2
CTGN,1
GNTC,1
NTCA,1
ATNT,1
TNTN,1
NTNN,1
NNGN,1
NGNN,1
GNNC,1
NNCN,1
NCNA,1
NAAA,1
TCAN,1
CANT,1
ANTG,1
TGCN,1
GCNG,1
CNGG,1
NGGG,1
GTTN,1
TTNC,1
TNCA,1
TCCN,1
CCNA,1
CNAT,1
GAGN,1
AGNC,1
GNCA,1
NCAG,1
CAGN,1
AGNG,1
GNGT,1
NGTC,1
TGTN,1
GTNT,1
TNTC,1
NTCT,1
TTTN,1
TTNA,1
TNAG,1
NAGT,1
ACNC,1
CNCC,1
NCCT,1
TAAN,1
AANC,1
ANCC,1
GNGC,1
NGCA,1
ACTN,1
CTNN,1
