sequenceContext,contextFrequencyTAAC,6287820
AACC,6748873
ACCC,5912811
CCCT,7887121
CCTA,6056010
CTAA,8345506
CCCA,10554698
CCAA,9376704
CAAC,6603359
CCCC,6041738
ACCT,8179642
TAAA,17984945
AAAC,12008759
CTAC,5593195
TACC,5115786
CCTC,9527460
CTCG,1494984
TCGC,943426
CGCG,343008
GCGG,1177466
CGGT,941236
GGTA,5119799
GTAC,3737199
CTCA,11384647
TCAG,10566756
CAGC,9298141
AGCC,8038215
GCCG,1192368
CCGG,1358576
CGGC,1193831
GGCC,5583800
GCCC,5312229
CCCG,1639714
CCGC,1180811
CGCC,1589101
CGGG,1640457
GGGT,5922402
GGTC,4438446
GTCT,7854902
TCTG,11859918
CTGA,10551479
TGAC,6609778
GACC,4433022
CCTG,11034421
TGAG,11390648
GAGG,9503930
AGGA,11594586
GGAG,9839335
GAGA,11789573
AGAA,17025413
GAAC,6195035
AACT,10021044
ACTG,9159560
CTGT,10894200
TGTG,11897237
GTGC,5666540
TGCT,10202522
GCTC,6033967
CTCC,9849719
TCCG,1074807
GCCT,8661345
CCTT,9719693
CTTC,9918649
TTCA,13676244
CAGA,11839164
AGAG,11812504
GAGT,7200239
AGTA,8036226
ACCA,8961176
CCAC,8168598
CACC,7698619
ACCG,942711
CCGA,1115713
CGAA,1075862
GAAA,16161369
AAAT,22217749
AATC,8798989
ATCT,10617429
TGCA,10545185
GCAG,8824606
GGAC,4504919
GACA,7879344
ACAA,12097161
AACG,1188451
ACGC,1042917
CGCA,1048019
AGCT,9234508
GGTG,7688366
CTCT,11820725
TCTC,11799338
GCAA,8104049
ACTC,7189313
CCGT,1194549
CGTT,1190114
GTTG,6627110
TTGC,8119925
CAAA,15707582
AAAG,15627327
AAGG,9703713
AGGC,8643567
GGCG,1588089
GCGC,921307
CAGG,11027900
AGAC,7839114
ACAC,8418986
CACA,11860421
ACAT,11709197
CATG,10207864
ATGC,7270401
GCTA,5556107
CTAG,5768711
TAGC,5556913
AGCG,1109334
GCGT,1046289
CGTC,984984
GTCG,637877
TCGG,1118636
GGGG,6039963
GTGG,8172412
TGGA,10450407
CGTG,1819926
TGGC,8143232
GTCC,4503863
TCCA,10424212
CCAG,11066902
AGGG,7882782
GCAC,5659352
TAAT,13084615
AATG,12910742
ATGT,11724593
GTGA,8729828
TGAT,10145813
GATG,7698083
ATGG,9477112
TGGT,8965839
GTAT,7354258
TATG,9024897
AGAT,10612285
TGGG,10570679
GGGC,5311930
CTTT,15671214
TTTG,15758399
TTGG,9398488
GTAG,5600682
TAGG,6062566
AGGT,8177202
GTAA,7585559
AATT,16555049
ATTA,13079708
TTAC,7597692
TACG,890036
ACGG,1194744
GGTT,6760009
GTTA,6302187
TTAG,8359658
TAGA,9003793
ATGA,11369457
GTCA,6619412
TCAT,11385287
CATT,12919728
TTAT,14957185
TATA,13333341
ATAG,7997958
GATC,5185837
CTGG,11082054
TAAG,8006921
AAGA,14656875
AAAA,32971930
GAGC,6038829
AGCA,10195177
GCAT,7281667
ATTG,9428203
TTGT,12153270
TGTC,7894576
GTGT,8446122
TCCC,8856342
ATTT,22255277
TTTC,16187290
TTCT,17061202
TCTA,8995224
CTAT,7994229
TATC,7033733
CGCT,1108393
TTTT,33111301
TCTT,14699651
TCCT,11609564
TTCC,10667423
CAAG,9003793
AAGT,10511661
AGTG,9609401
GGAT,6957108
TGCG,1048902
GCGA,944241
GAAG,9917584
GGCT,8039399
GCTG,9305712
CTGC,8831827
GGAA,10677140
TCAC,8723602
GGGA,8859617
TGCC,8092077
GCCA,8137199
CTTG,9020810
TTGA,11162818
TGAA,13667289
ACTT,10511658
GACT,6294089
AAGC,7683335
GATA,7037969
ATAA,14926722
TGTA,10230812
GATT,8810745
TTTA,18029525
TTAA,14506510
AGTC,6298061
CAGT,9165369
TATT,16643114
TGTT,13195672
GTTT,12048602
GACG,983441
CCAT,9465076
ATCA,10134130
CGAG,1490112
TCGA,1044274
CGAT,1017432
CATA,9015193
GAAT,10171809
GCTT,7688982
CATC,7698477
ATCC,6944072
ACAG,10872201
GGCA,8081264
CTTA,8009556
TACA,10221186
AGTT,10037254
AACA,13136531
CACT,9594922
TCGT,1119418
CGTA,890848
CAAT,9401949
CACG,1816589
GTTC,6205019
TTCG,1071478
ATAT,15729391
TACT,8044961
AATA,16611355
ACTA,7094321
TCAA,11138863
ATTC,10165369
TAGT,7103748
ACGT,1525611
ATAC,7343800
CGAC,636089
ATCG,1021427
ACGA,1115242
CGGA,1073925
TCAN,1
CANC,1
ANCC,2
NCCT,2
GTTN,2
TTNN,4
TNNT,2
NNTA,2
NTAT,1
AAAN,2
AANC,1
NCCC,1
TAAN,1
AANN,2
ANNN,2
NNNN,353027
NNNC,5
NNCT,4
NCTG,1
CTCN,1
TCNA,1
CNAG,1
NAGT,2
CCTN,2
CTNC,2
TNCG,1
NCGA,2
GGAN,1
GANT,1
ANTG,1
NTGG,2
ACTN,1
CTNG,1
TNGG,1
NGGG,1
TTTN,4
TTNT,1
TNTC,2
NTCC,1
CTNA,1
TNAG,2
NAGN,1
AGNN,1
GNNN,3
NNNA,3
NNAA,2
NAAT,1
AGTN,1
GTNN,1
NTAG,1
ATAN,1
TANA,1
ANAC,1
NACT,1
CTTN,1
TNNC,1
NCTT,3
TTNC,1
TNCT,2
NCTN,1
NCTA,2
TTNA,1
TNAA,2
NAAA,2
TTNG,1
TNGA,1
NGAG,1
GCTN,1
CTNN,1
TNNN,3
NAAG,1
TGTN,2
GTNT,1
TNTG,1
NNCC,1
CATN,1
ATNA,1
GTNA,1
NAGG,1
AGGN,1
GGNC,1
GNCA,1
NCAT,1
TCCN,2
CCNN,3
CNNN,6
NNNT,2
NNTC,2
NTCA,3
GGGN,2
GGNN,1
NNCG,1
ACGN,1
CGNN,1
NNAC,1
NACA,1
ACCN,1
AACN,1
ACNT,1
CNTC,1
GATN,1
ATNT,1
CTGN,1
TGNC,1
GNCT,1
CNNG,1
NNGC,1
NGCT,1
GGNA,1
GNAG,1
ATCN,2
TCNN,4
NNNG,4
NNGA,3
NGAA,1
TTCN,2
NTCT,1
NGAT,2
ATTN,1
NNGG,1
NGGA,1
